{"ts":"2025-10-12T13:30:04Z","cpu_pct":0.08251953125,"mem_pct":0.3707707612964024,"disk_pct":0.16546050380353242,"data_freshness_min":0,"errors_24h":0}