{"ts":"2025-10-13T19:00:42Z","cpu_pct":1.0,"mem_pct":0.43893754507398564,"disk_pct":0.17193315522097338,"data_freshness_min":0,"errors_24h":0}