{"ts":"2025-10-13T17:45:33Z","cpu_pct":0.0858154296875,"mem_pct":0.3777439190628109,"disk_pct":0.16566989550156616,"data_freshness_min":0,"errors_24h":0}