{"ts":"2025-10-13T18:47:29Z","cpu_pct":0.1439208984375,"mem_pct":0.3753128816178385,"disk_pct":0.16569299307730778,"data_freshness_min":0,"errors_24h":0}